,City,Latitude,Longitude,Temp,Humidity,Cloudiness,Wind Speed
1,ushuaia,-54.81,-68.31,43.81,52.0,0.0,9.66
2,sola,58.89,5.65,53.6,81.0,75.0,14.99
3,east london,-33.02,27.91,57.2,76.0,0.0,3.36
4,clyde river,70.47,-68.59,26.6,73.0,75.0,3.36
5,port alfred,-33.59,26.89,63.82,88.0,0.0,6.98
6,airai,-8.93,125.41,62.2,85.0,0.0,1.61
7,katsuura,33.93,134.5,64.45,100.0,92.0,4.85
8,arlit,18.74,7.39,90.19,14.0,0.0,2.62
9,upernavik,72.79,-56.15,33.67,100.0,80.0,22.97
10,hilo,19.71,-155.08,80.06,71.0,1.0,13.13
11,punta arenas,-53.16,-70.91,48.2,36.0,0.0,17.22
13,mutum,-19.82,-41.44,84.7,45.0,0.0,7.43
14,carnarvon,-30.97,22.13,56.53,22.0,0.0,8.1
15,dalaba,10.69,-12.25,71.02,97.0,48.0,1.95
16,broken hill,-31.97,141.45,47.89,63.0,0.0,3.62
17,seydi,13.34,7.75,84.79,46.0,0.0,5.64
18,jamestown,-33.21,138.6,42.22,44.0,0.0,2.84
19,butaritari,3.07,172.79,83.26,100.0,0.0,5.75
20,kapaa,22.08,-159.32,76.5,100.0,40.0,13.87
22,nagato,34.35,131.14,67.98,64.0,75.0,12.75
23,isangel,-19.55,169.27,68.41,100.0,92.0,26.78
25,qaanaaq,77.48,-69.36,21.07,100.0,20.0,8.32
26,nehe,48.48,124.88,41.59,72.0,0.0,5.19
27,newport,51.59,-3.0,60.04,67.0,0.0,4.7
28,yichang,30.77,111.32,62.2,96.0,92.0,4.97
29,cherskiy,68.75,161.3,23.41,99.0,12.0,2.73
30,biu,10.61,12.19,76.87,72.0,88.0,2.06
31,sechura,-5.56,-80.82,74.17,89.0,0.0,10.45
32,port elizabeth,39.31,-74.98,83.08,72.0,40.0,8.05
33,rikitea,-23.12,-134.97,71.65,100.0,8.0,22.86
34,bonthe,7.53,-12.5,81.01,89.0,36.0,4.97
35,beyneu,45.32,55.19,70.39,30.0,48.0,12.35
36,nyrob,60.74,56.73,48.07,82.0,92.0,13.8
38,panjakent,39.5,67.61,68.0,34.0,92.0,4.7
39,rawson,-43.3,-65.11,51.76,50.0,8.0,7.76
40,fosses,49.1,2.51,58.53,42.0,0.0,5.82
41,ribeira grande,38.52,-28.7,77.0,73.0,20.0,17.22
43,cape town,-33.93,18.42,59.0,77.0,75.0,18.34
44,tuatapere,-46.13,167.69,44.47,100.0,92.0,11.12
45,flinders,-34.58,150.85,44.6,100.0,0.0,10.29
46,caravelas,-17.73,-39.27,76.69,100.0,0.0,15.26
47,chuy,-33.69,-53.46,70.39,100.0,8.0,8.43
48,west wendover,40.74,-114.07,60.98,6.0,1.0,5.82
49,cidreira,-30.17,-50.22,75.61,88.0,56.0,5.97
50,bluff,-23.58,149.07,60.94,86.0,0.0,7.87
51,peniche,39.36,-9.38,80.64,65.0,0.0,6.93
52,mataura,-46.19,168.86,42.94,82.0,92.0,10.22
53,atuona,-9.8,-139.03,78.76,100.0,0.0,12.68
54,sitka,37.17,-99.65,60.49,54.0,92.0,4.74
56,mount isa,-20.73,139.49,75.2,20.0,48.0,10.29
58,new norfolk,-42.78,147.06,42.8,70.0,0.0,8.05
59,albany,42.65,-73.75,77.23,71.0,75.0,16.11
60,tocopilla,-22.09,-70.2,63.82,93.0,0.0,3.74
63,georgetown,6.8,-58.16,93.2,59.0,40.0,2.17
64,saint-philippe,45.36,-73.48,71.17,94.0,90.0,14.99
65,barrow,-38.31,-60.23,58.33,58.0,76.0,13.24
67,pevek,69.7,170.27,36.91,100.0,36.0,7.76
68,porbandar,21.64,69.61,77.41,89.0,0.0,7.76
70,narsaq,60.91,-46.05,39.2,55.0,40.0,5.82
71,puerto ayacucho,5.66,-67.63,91.4,59.0,40.0,4.7
72,vestmannaeyjar,63.44,-20.27,44.6,75.0,40.0,10.29
73,akdepe,42.05,59.39,60.8,48.0,0.0,6.93
74,margate,-43.03,147.26,42.8,70.0,0.0,8.05
75,sao joao da barra,-21.64,-41.05,82.4,58.0,0.0,25.28
76,ribas do rio pardo,-20.45,-53.76,91.81,43.0,20.0,10.45
77,bontang,0.12,117.47,80.83,99.0,0.0,10.0
78,busselton,-33.64,115.35,52.66,100.0,24.0,8.55
79,puerto cabezas,14.04,-83.39,82.4,83.0,40.0,6.93
80,saint-louis,47.59,7.56,57.49,76.0,0.0,2.24
81,tual,-5.67,132.75,80.47,98.0,48.0,14.92
82,lompoc,34.64,-120.46,63.64,77.0,0.0,3.36
84,porgera,-5.46,143.15,53.11,97.0,76.0,1.95
85,nusaybin,37.08,41.21,78.8,44.0,0.0,6.93
86,lebu,8.96,38.73,59.59,48.0,20.0,5.3
87,ponta do sol,-20.63,-46.0,90.01,33.0,8.0,6.98
88,omsukchan,62.53,155.8,11.17,65.0,20.0,2.51
89,beboto,8.27,16.94,81.73,72.0,0.0,2.73
90,campbell river,50.02,-125.24,58.26,67.0,40.0,12.75
91,ajdabiya,30.75,20.22,78.22,67.0,8.0,6.53
92,meulaboh,4.14,96.13,78.58,100.0,36.0,3.96
93,sarkand,45.41,79.91,37.99,82.0,0.0,2.39
94,mattru,7.62,-11.83,79.21,93.0,56.0,5.41
95,salina cruz,16.18,-95.2,92.17,44.0,24.0,11.01
96,ondjiva,-17.07,15.73,77.41,30.0,0.0,4.97
97,ketchikan,55.34,-131.65,53.65,93.0,90.0,13.87
98,palembang,-2.99,104.76,76.42,80.0,0.0,3.62
99,hobart,-42.88,147.33,42.8,70.0,0.0,8.05
100,chokurdakh,70.62,147.9,31.87,95.0,48.0,9.44
101,waconia,44.85,-93.79,57.92,43.0,40.0,9.17
102,zheleznodorozhnyy,55.75,38.0,46.85,61.0,0.0,8.95
104,hasaki,35.73,140.83,59.0,100.0,75.0,14.99
105,iquique,-20.22,-70.14,66.2,63.0,0.0,10.29
106,ilulissat,69.22,-51.1,33.8,69.0,75.0,17.22
110,victoria point,-27.58,153.3,58.42,100.0,20.0,5.82
111,kodiak,39.95,-94.76,66.92,33.0,1.0,8.05
112,vila franca do campo,37.72,-25.43,75.2,78.0,20.0,18.34
113,vidim,50.47,14.53,52.68,46.0,0.0,4.7
114,nikolskoye,59.7,30.79,50.0,93.0,75.0,8.95
115,zhigansk,66.77,123.37,40.51,96.0,92.0,2.62
116,jiwani,25.05,61.74,77.68,96.0,0.0,4.74
117,ypsonas,34.69,32.96,75.67,78.0,20.0,4.7
118,yellowknife,62.45,-114.38,33.8,69.0,75.0,19.46
119,taybad,34.74,60.78,62.2,42.0,0.0,8.55
120,mount gambier,-37.83,140.78,49.15,67.0,0.0,6.53
121,thinadhoo,0.53,72.93,81.73,100.0,92.0,16.6
122,kaitangata,-46.28,169.85,42.04,87.0,56.0,14.47
125,kahului,20.89,-156.47,79.2,79.0,20.0,2.06
126,skibbereen,51.55,-9.27,55.4,93.0,20.0,6.93
128,akdagmadeni,39.66,35.88,45.82,80.0,24.0,10.33
129,shelburne,44.08,-80.2,64.94,52.0,40.0,20.8
130,leningradskiy,69.38,178.42,38.17,100.0,0.0,12.24
131,buraydah,26.33,43.97,98.6,20.0,40.0,6.93
132,vaini,15.34,74.49,71.83,96.0,64.0,1.72
133,chacabuco,-34.64,-60.47,73.27,57.0,76.0,14.03
136,lagoa,37.14,-8.45,80.6,65.0,0.0,9.17
137,pandan,11.72,122.09,82.0,100.0,48.0,19.51
138,longyearbyen,78.22,15.63,17.29,100.0,24.0,2.39
139,thompson,55.74,-97.86,42.8,52.0,75.0,3.4
140,esperance,10.24,-61.45,86.0,70.0,20.0,14.99
141,victoria,5.28,115.24,78.8,94.0,75.0,4.97
142,kavaratti,10.57,72.64,83.35,100.0,12.0,10.33
143,simplicio mendes,-7.85,-41.91,98.29,28.0,0.0,10.0
145,finale ligure,44.17,8.34,66.79,39.0,20.0,5.82
146,deputatskiy,69.3,139.9,24.94,91.0,76.0,5.75
147,umm lajj,25.02,37.27,83.26,94.0,0.0,3.85
148,geraldton,49.72,-86.95,42.8,93.0,90.0,3.36
149,evensk,61.92,159.24,37.54,100.0,0.0,11.68
150,mareeba,-16.99,145.42,64.4,88.0,20.0,10.29
151,meadow lake,54.13,-108.44,55.4,47.0,75.0,25.28
152,los llanos de aridane,28.66,-17.92,75.2,83.0,20.0,9.17
153,saldanha,41.42,-6.55,76.96,40.0,24.0,2.06
154,richards bay,-28.77,32.06,67.24,81.0,20.0,4.74
155,saskylakh,71.97,114.09,25.57,90.0,0.0,8.66
156,baherden,38.44,57.43,66.61,48.0,0.0,5.75
157,hithadhoo,-0.6,73.08,79.84,100.0,56.0,10.89
158,camacupa,-12.02,17.48,69.94,74.0,20.0,0.49
159,pacific grove,36.62,-121.92,63.36,74.0,40.0,3.36
160,acapulco,16.86,-99.88,84.2,74.0,75.0,8.05
161,pisco,-13.71,-76.2,71.6,30.0,90.0,9.17
162,fayetteville,36.06,-94.16,63.1,51.0,90.0,4.7
163,nevelsk,46.67,141.86,32.0,100.0,40.0,2.24
164,sao gabriel da cachoeira,-0.13,-67.09,89.6,59.0,20.0,2.24
165,kutoarjo,-7.72,109.9,69.76,99.0,32.0,2.95
166,college,64.86,-147.8,43.47,96.0,75.0,3.36
167,vostok,46.45,135.83,30.52,86.0,0.0,2.39
168,morehead,38.18,-83.43,71.96,87.0,75.0,3.36
169,namatanai,-3.66,152.44,82.27,100.0,56.0,11.79
170,san patricio,-26.98,-56.83,72.91,92.0,92.0,4.18
171,salalah,17.01,54.1,78.8,74.0,0.0,3.36
172,manyana,-35.26,150.51,52.93,100.0,8.0,5.75
173,tasiilaq,65.61,-37.64,37.4,74.0,75.0,8.05
174,aksu,52.04,76.93,50.0,87.0,0.0,3.62
175,mar del plata,-46.43,-67.52,49.15,65.0,20.0,10.78
177,sambava,-14.27,50.17,75.16,100.0,92.0,16.15
178,linqiong,30.42,103.46,69.8,73.0,20.0,2.24
180,nago,45.88,10.89,59.07,54.0,0.0,2.24
181,nantucket,41.28,-70.1,74.97,84.0,20.0,14.99
182,nong han,17.36,103.11,80.11,86.0,68.0,2.28
185,marsa matruh,31.35,27.25,77.0,69.0,75.0,6.93
186,provideniya,64.42,-173.23,46.54,99.0,92.0,10.78
187,le port,42.87,1.37,58.15,58.0,0.0,1.5
188,khatanga,71.98,102.47,26.65,90.0,0.0,13.24
189,faanui,-16.48,-151.75,77.68,100.0,0.0,14.03
190,aqtobe,50.28,57.21,60.8,43.0,92.0,8.95
191,lethem,3.38,-59.8,94.24,56.0,0.0,3.85
192,yar-sale,66.83,70.83,54.46,84.0,56.0,18.28
193,eenhana,-17.48,16.34,78.76,26.0,0.0,5.3
194,charters towers,-20.07,146.27,59.59,91.0,0.0,4.07
195,aklavik,68.22,-135.01,27.05,68.0,75.0,4.7
196,ayr,55.46,-4.63,60.8,87.0,75.0,9.17
197,amahai,-3.31,129.0,80.65,100.0,20.0,11.56
198,hermanus,-34.42,19.24,59.86,61.0,0.0,11.45
199,kijang,35.24,129.21,59.0,72.0,0.0,6.93
200,iqaluit,63.75,-68.52,37.4,64.0,75.0,5.82
201,vila velha,-3.71,-38.6,84.2,66.0,20.0,19.46
202,aasiaat,68.71,-52.87,36.1,100.0,92.0,18.72
204,deep river,46.1,-77.49,69.8,52.0,20.0,19.46
205,praia da vitoria,38.73,-27.07,77.0,78.0,75.0,20.07
206,makakilo city,21.35,-158.09,80.85,93.0,75.0,6.93
207,bredasdorp,-34.53,20.04,68.0,42.0,8.0,12.75
208,paamiut,61.99,-49.67,38.89,99.0,92.0,19.06
209,columbus,32.46,-84.99,88.12,57.0,75.0,6.93
210,griffith,-34.29,146.06,49.06,81.0,0.0,9.1
211,castro,-42.48,-73.76,51.76,70.0,92.0,4.52
212,verkhoyansk,67.55,133.39,26.29,88.0,76.0,6.64
213,la paz,24.15,-110.32,89.6,49.0,75.0,6.93
214,villacarrillo,38.12,-3.08,69.76,62.0,20.0,11.45
216,ancud,-41.87,-73.83,53.29,59.0,92.0,5.97
217,abha,18.22,42.5,76.14,22.0,0.0,14.99
218,prince rupert,54.32,-130.32,51.8,100.0,90.0,11.41
219,klaksvik,62.23,-6.59,48.2,81.0,75.0,12.75
220,irtyshskiy,58.33,68.13,60.13,52.0,0.0,11.23
221,grimshaw,56.19,-117.61,48.2,70.0,90.0,5.82
223,puerto ayora,-0.74,-90.35,82.4,58.0,40.0,19.46
224,nome,30.04,-94.42,87.13,66.0,40.0,3.36
225,tiksi,71.64,128.87,32.86,95.0,88.0,10.33
226,churapcha,62.0,132.43,36.37,92.0,44.0,3.74
227,praia,-20.25,-43.81,83.73,39.0,20.0,6.93
229,grand gaube,-20.01,57.66,73.4,69.0,40.0,12.75
230,mahebourg,-20.41,57.7,73.4,69.0,40.0,12.75
231,luderitz,-26.65,15.16,57.16,77.0,0.0,18.16
232,nanakuli,21.39,-158.15,80.85,100.0,90.0,4.7
233,bowen,-20.01,148.25,71.83,100.0,8.0,14.25
234,adre,13.47,22.2,78.76,53.0,56.0,5.64
236,adet,11.26,37.49,55.72,94.0,48.0,2.95
238,port hardy,50.7,-127.42,55.4,87.0,40.0,5.82
239,constitucion,23.99,-104.67,75.2,44.0,40.0,3.36
240,amapa,15.09,-87.97,87.8,62.0,75.0,9.17
241,mikuni,36.22,136.15,62.6,88.0,75.0,5.82
242,gold coast,-28.0,153.41,60.8,93.0,90.0,4.7
243,yagodnoye,62.52,149.63,28.09,93.0,80.0,2.17
244,marystown,47.17,-55.16,54.91,78.0,48.0,18.39
245,shimoda,34.7,138.93,64.4,100.0,75.0,1.12
246,ormara,25.21,64.64,79.66,92.0,20.0,11.23
247,yulara,-25.24,130.99,53.6,25.0,0.0,5.82
248,bella vista,-28.51,-59.05,76.24,82.0,64.0,9.55
249,harper,30.3,-99.24,77.16,63.0,40.0,14.99
250,alta floresta,-9.87,-56.08,93.2,41.0,20.0,3.36
251,sao felix do xingu,-6.64,-51.99,87.94,66.0,36.0,2.62
252,chicama,-7.84,-79.15,66.2,77.0,0.0,13.87
253,puerto leguizamo,-0.19,-74.78,84.88,71.0,68.0,2.62
254,thanh hoa,10.21,106.33,78.4,96.0,24.0,8.21
255,chegutu,-18.13,30.15,75.16,34.0,8.0,6.76
256,severo-kurilsk,50.68,156.12,46.27,100.0,0.0,16.71
257,batemans bay,-35.71,150.18,47.26,100.0,24.0,2.84
258,grindavik,63.84,-22.43,43.75,70.0,75.0,10.29
259,kapit,2.02,112.94,71.2,99.0,32.0,1.61
260,bambous virieux,-20.34,57.76,73.4,69.0,40.0,12.75
261,bubaque,11.28,-15.83,83.44,98.0,12.0,12.46
263,chifeng,42.27,118.96,42.31,91.0,0.0,5.19
264,ulkan,57.24,107.32,40.06,99.0,68.0,3.18
265,arraial do cabo,-22.97,-42.02,81.52,74.0,0.0,32.21
266,salym,60.06,71.48,59.95,61.0,0.0,10.33
267,adrar,27.87,-0.29,95.0,24.0,40.0,14.99
268,mehamn,71.03,27.85,33.01,98.0,0.0,3.36
269,igrim,63.19,64.42,58.69,55.0,20.0,12.01
270,yunyang,32.84,110.81,54.37,100.0,88.0,2.62
272,tres arroyos,-38.38,-60.28,58.33,58.0,76.0,13.24
273,chino valley,34.76,-112.45,79.43,19.0,20.0,4.7
274,kamenka,53.19,44.05,39.34,79.0,0.0,7.09
275,kruisfontein,-34.0,24.73,58.24,92.0,0.0,2.17
276,paita,-5.09,-81.11,62.6,290.0,0.0,13.87
277,oranjestad,12.52,-70.03,84.2,74.0,20.0,16.11
278,marabba,12.35,32.18,82.0,60.0,8.0,4.29
279,nara,34.68,135.8,64.4,93.0,75.0,8.05
280,kirovskiy,45.09,133.51,35.92,83.0,0.0,2.17
281,awjilah,29.14,21.3,86.41,39.0,36.0,8.88
282,parrita,9.52,-84.33,77.9,78.0,75.0,8.05
283,kirakira,-10.46,161.92,76.06,100.0,100.0,13.91
284,vestmanna,62.16,-7.17,48.2,81.0,75.0,12.75
285,laguna,27.52,-110.01,89.6,49.0,5.0,5.82
286,haines junction,60.75,-137.51,34.3,74.0,64.0,2.28
287,roebourne,-20.77,117.15,73.99,27.0,0.0,11.68
288,palmer,61.6,-149.11,42.66,78.0,1.0,5.82
289,dingle,11.0,122.67,79.66,73.0,64.0,8.88
290,pangkalanbuun,-2.68,111.62,69.4,90.0,8.0,2.62
291,lujan,-46.57,-67.67,46.63,93.0,12.0,10.56
294,bakchar,57.02,82.07,53.02,97.0,0.0,4.97
295,nanortalik,60.14,-45.24,38.53,94.0,92.0,14.14
296,labuhan,-2.54,115.51,71.11,87.0,0.0,2.39
297,marsh harbour,26.54,-77.06,85.87,95.0,0.0,14.7
298,lieksa,63.32,30.02,43.57,98.0,92.0,8.21
299,endicott,42.1,-76.05,72.63,84.0,90.0,8.05
300,monte aprazivel,-20.77,-49.71,95.0,24.0,20.0,4.7
301,bilibino,68.06,166.44,25.39,90.0,68.0,3.51
302,kununurra,-15.77,128.74,68.0,82.0,0.0,6.08
303,liku,-0.73,119.89,78.49,97.0,20.0,2.06
304,launceston,-41.43,147.14,37.4,93.0,75.0,2.84
305,archidona,-0.91,-77.81,65.26,100.0,80.0,3.62
306,ola,59.58,151.3,33.8,100.0,32.0,6.42
307,cape coast,5.11,-1.24,79.84,75.0,68.0,6.2
308,varhaug,58.61,5.65,53.6,81.0,75.0,14.99
309,hamilton,43.26,-79.87,66.58,59.0,75.0,17.22
310,erzin,36.95,36.2,77.92,78.0,20.0,13.87
311,byron bay,-28.65,153.62,60.8,93.0,90.0,4.7
312,hay river,60.82,-115.79,39.2,69.0,75.0,19.46
313,avarua,-21.21,-159.78,71.6,94.0,75.0,4.7
314,okhotsk,59.36,143.24,37.72,100.0,8.0,3.18
315,hambantota,6.12,81.12,79.48,100.0,64.0,8.21
316,pitimbu,-7.47,-34.81,84.2,58.0,40.0,19.46
317,san quintin,17.54,120.52,78.8,83.0,75.0,4.7
318,saint george,39.45,22.34,53.6,71.0,20.0,6.93
319,mporokoso,-9.37,30.12,78.22,27.0,36.0,9.22
320,dana point,33.47,-117.7,72.34,68.0,75.0,3.96
321,buala,-8.15,159.59,75.88,100.0,92.0,18.5
322,abnub,27.27,31.15,76.87,50.0,0.0,4.74
323,dikson,73.51,80.55,42.67,86.0,92.0,21.52
324,saint-georges,46.12,-70.67,66.61,98.0,100.0,8.66
326,ambilobe,-13.19,49.05,74.35,58.0,0.0,18.61
327,souillac,45.6,-0.6,69.64,49.0,0.0,4.7
328,seoul,37.57,126.98,55.54,76.0,0.0,2.24
329,namibe,-15.19,12.15,66.52,97.0,0.0,6.42
330,cockburn town,21.46,-71.14,83.08,99.0,56.0,17.27
331,trinidad,-33.52,-56.9,68.0,77.0,75.0,16.11
332,bulawayo,-20.16,28.59,78.4,24.0,92.0,3.96
333,saint-augustin,44.83,-0.61,74.21,44.0,0.0,8.05
334,talaya,55.79,84.89,52.93,91.0,8.0,5.97
336,rio grande,-32.03,-52.1,77.0,73.0,90.0,8.05
337,boa vista,2.82,-60.67,95.0,41.0,75.0,6.93
338,ati,13.21,18.34,83.35,58.0,76.0,4.85
339,fukagawa,43.72,142.05,39.79,93.0,56.0,2.62
340,havoysund,71.0,24.66,37.4,86.0,90.0,12.75
341,tambun,4.62,101.14,77.76,88.0,75.0,4.7
342,aksha,50.28,113.29,50.41,70.0,80.0,7.31
343,san vicente,13.64,-88.78,83.3,65.0,0.0,5.82
344,cabedelo,-6.97,-34.84,84.2,58.0,40.0,19.46
345,port blair,11.67,92.75,82.36,100.0,92.0,9.22
346,dali,25.6,100.24,59.59,100.0,80.0,1.83
347,sao filipe,14.9,-24.5,77.32,100.0,92.0,15.48
348,zapolyarnyy,69.43,30.82,41.0,75.0,75.0,8.05
349,dunhua,43.37,128.23,34.57,79.0,0.0,2.39
350,svetlogorsk,53.14,59.15,62.6,36.0,40.0,13.42
352,panikian,13.29,121.15,72.46,100.0,44.0,2.95
353,kachiry,53.07,76.1,49.24,82.0,20.0,3.18
354,fortuna,38.18,-1.13,76.41,65.0,75.0,17.22
355,burgeo,47.61,-57.61,55.09,94.0,80.0,20.74
356,jijiga,9.35,42.8,62.92,56.0,32.0,3.06
357,duluth,46.77,-92.13,54.27,51.0,40.0,9.17
358,komsomolskiy,67.55,63.78,46.18,98.0,88.0,14.25
360,bunia,1.56,30.25,66.07,88.0,12.0,2.51
361,moyale,3.52,39.05,65.89,83.0,8.0,3.4
362,matara,-13.74,-72.9,57.2,50.0,20.0,11.41
364,genhe,50.78,121.52,31.69,71.0,0.0,4.74
365,north platte,41.12,-100.77,69.08,26.0,1.0,13.87
366,lorengau,-2.02,147.27,81.82,100.0,12.0,4.74
367,walvis bay,-22.95,14.51,57.61,100.0,0.0,13.13
368,general roca,-39.03,-67.58,48.2,76.0,90.0,9.17
369,tuktoyaktuk,69.44,-133.03,28.4,79.0,75.0,12.75
370,coquimbo,-29.95,-71.34,57.2,87.0,90.0,10.29
371,bahraich,27.58,81.6,77.32,93.0,0.0,2.62
372,keflavik,64.0,-22.56,43.77,70.0,75.0,10.29
373,burns lake,54.23,-125.76,52.3,74.0,36.0,3.96
374,santa maria,-29.69,-53.81,71.6,83.0,40.0,3.36
375,baltay,52.47,46.63,46.54,75.0,8.0,6.53
376,aripuana,-9.17,-60.63,98.74,37.0,32.0,2.73
377,torbay,47.66,-52.73,53.6,46.0,75.0,16.11
378,sobolevo,54.43,31.9,46.72,68.0,92.0,23.09
380,half moon bay,37.46,-122.43,64.2,93.0,90.0,5.82
381,powell river,49.84,-124.52,58.57,87.0,75.0,2.24
382,naze,5.43,7.07,78.8,94.0,75.0,2.24
383,lasa,34.92,32.53,75.63,78.0,20.0,4.7
384,nemuro,43.32,145.57,59.14,100.0,64.0,7.2
385,rocha,-34.48,-54.34,69.49,71.0,64.0,11.79
386,darhan,49.49,105.92,36.82,98.0,92.0,12.01
387,butterworth,5.4,100.37,79.72,88.0,75.0,3.36
388,havre-saint-pierre,50.23,-63.6,51.8,93.0,90.0,9.17
389,saint albans,44.81,-73.08,70.99,98.0,90.0,10.29
390,nouakchott,18.08,-15.98,82.99,91.0,80.0,11.79
391,pangnirtung,66.15,-65.72,35.6,80.0,75.0,5.82
392,edd,13.93,41.69,74.89,47.0,0.0,2.17
394,whitehorse,60.72,-135.06,32.0,69.0,75.0,3.36
395,gat,14.69,-16.54,85.87,81.0,12.0,7.65
396,berlevag,70.86,29.09,33.78,80.0,0.0,3.36
397,steamboat springs,40.48,-106.83,57.56,9.0,1.0,5.82
398,tahoua,14.89,5.26,95.0,32.0,0.0,4.7
400,guru har sahai,30.72,74.42,75.34,80.0,0.0,2.84
401,jalu,29.03,21.55,85.24,38.0,0.0,8.66
403,poum,41.28,20.71,50.0,31.0,20.0,10.29
404,kutum,14.2,24.66,81.01,43.0,92.0,4.85
406,ariyalur,11.14,79.07,84.2,66.0,40.0,4.7
408,bethel,60.79,-161.76,44.06,95.0,90.0,3.36
409,santa luzia,-19.77,-43.85,82.4,39.0,20.0,6.93
410,bathsheba,13.22,-59.52,86.0,74.0,20.0,20.8
412,cabinda,-5.56,12.19,77.0,83.0,75.0,6.93
413,talnakh,69.49,88.39,38.89,97.0,100.0,15.7
414,borovoy,63.23,52.89,41.59,96.0,64.0,11.45
415,yamada,36.58,137.08,62.6,88.0,75.0,5.82
417,manta,45.1,24.1,39.16,78.0,0.0,1.95
418,callaguip,18.07,120.49,78.8,83.0,75.0,4.7
419,ostrovnoy,68.05,39.51,37.54,94.0,88.0,14.92
420,san cristobal,-0.39,-78.55,68.0,42.0,40.0,19.46
421,yako,12.96,-2.26,87.58,50.0,0.0,10.89
422,tutoia,-2.76,-42.27,87.8,48.0,20.0,20.8
424,miri,10.31,9.75,69.22,97.0,64.0,3.51
426,klyuchi,52.25,79.17,50.32,81.0,48.0,2.51
427,hit,33.64,42.83,87.22,20.0,0.0,10.67
428,requena,39.49,-1.1,75.2,69.0,40.0,12.75
429,barpathar,26.3,93.87,74.17,97.0,76.0,2.17
430,tiarei,-17.53,-149.33,77.0,61.0,20.0,4.7
431,alofi,-19.06,-169.92,71.6,88.0,8.0,3.36
432,cabo san lucas,22.89,-109.91,86.97,66.0,40.0,8.05
433,taoudenni,22.68,-3.98,97.84,15.0,76.0,5.19
435,faya,18.39,42.45,76.12,22.0,0.0,14.99
436,vanavara,60.35,102.28,43.39,98.0,88.0,4.85
437,cocorit,27.57,-109.96,89.6,49.0,5.0,5.82
438,santona,43.44,-3.46,74.55,68.0,0.0,3.36
439,shetpe,44.14,52.16,71.74,47.0,20.0,14.25
440,adeje,5.68,5.76,78.04,89.0,88.0,6.64
441,gamba,28.28,88.52,24.76,70.0,24.0,2.39
442,kano,11.99,8.53,84.2,74.0,20.0,2.24
443,cayenne,4.94,-52.33,89.6,66.0,75.0,11.41
444,bonavista,48.65,-53.11,53.83,83.0,76.0,19.06
446,erenhot,43.65,111.97,54.19,73.0,8.0,11.9
447,huarmey,-10.07,-78.15,74.98,52.0,8.0,4.18
449,ouadda,8.07,22.4,68.77,100.0,24.0,10.0
450,te anau,-45.41,167.72,35.11,93.0,88.0,2.28
451,norman wells,65.28,-126.83,32.0,80.0,75.0,3.36
452,sehithwa,-20.47,22.7,82.99,35.0,92.0,3.96
453,aranos,-24.14,19.11,73.18,16.0,0.0,2.73
454,kilrush,51.96,-8.06,55.4,93.0,20.0,6.93
455,lysyye gory,51.55,44.84,43.39,74.0,48.0,7.65
456,henties bay,-22.12,14.28,56.17,94.0,0.0,8.1
457,cururupu,-1.82,-44.87,88.84,58.0,20.0,13.58
458,nanning,22.83,108.3,80.6,88.0,40.0,4.47
459,knin,44.04,16.2,55.33,55.0,0.0,9.17
460,antanifotsy,-19.66,47.32,53.02,91.0,44.0,3.06
462,north bend,43.41,-124.22,71.76,44.0,1.0,4.7
464,ziro,27.54,93.82,61.66,98.0,92.0,0.38
465,stonewall,50.13,-97.33,44.6,87.0,90.0,8.05
466,dhidhdhoo,6.88,73.1,81.82,100.0,48.0,7.76
467,eyl,7.98,49.82,76.87,88.0,0.0,15.82
468,nabire,-3.36,135.5,69.13,96.0,88.0,1.61
469,juneau,58.3,-134.42,51.08,100.0,90.0,3.36
471,peterhead,-34.83,138.5,55.4,87.0,40.0,10.29
472,chitral,35.85,71.79,36.73,65.0,32.0,0.94
473,yaan,7.38,8.57,76.87,91.0,64.0,9.44
474,dwarka,28.58,77.04,78.8,88.0,0.0,3.62
476,broome,52.47,1.45,63.97,72.0,0.0,5.82
477,qinzhou,21.96,108.62,75.79,97.0,12.0,4.41
478,goya,-29.14,-59.27,77.14,79.0,88.0,7.65
479,vanimo,-2.67,141.3,83.17,100.0,20.0,7.31
480,sao jose da coroa grande,-8.9,-35.15,79.21,79.0,88.0,13.02
481,ariquemes,-9.91,-63.03,97.48,40.0,0.0,2.95
482,kavieng,-2.57,150.8,84.34,100.0,20.0,8.55
484,padang,-0.92,100.36,81.46,100.0,24.0,4.85
485,vardo,39.62,-77.74,79.59,71.0,75.0,6.93
486,anadyr,64.73,177.51,48.2,93.0,75.0,24.61
487,superior,39.95,-105.17,61.5,31.0,1.0,3.36
489,camopi,3.17,-52.33,91.45,53.0,24.0,4.63
490,magistralnyy,56.17,107.45,39.79,95.0,44.0,2.84
491,korostyshiv,50.32,29.06,43.3,58.0,8.0,9.22
492,maues,-3.38,-57.72,88.84,73.0,0.0,4.52
493,ranong,9.96,98.62,77.0,100.0,40.0,8.21
494,treinta y tres,-33.23,-54.39,71.56,88.0,80.0,8.21
495,bandarbeyla,9.49,50.81,77.77,95.0,12.0,17.83
496,chumikan,54.72,135.31,52.12,67.0,0.0,13.24
498,beringovskiy,63.05,179.32,46.36,95.0,92.0,21.63
499,camacha,33.08,-16.33,74.43,64.0,20.0,9.17
500,linhares,-19.38,-40.06,84.34,52.0,0.0,11.68
501,taltal,-25.41,-70.49,66.52,72.0,0.0,2.39
502,smithers,54.78,-127.17,51.8,87.0,90.0,3.36
503,mount hagen,-5.86,144.23,54.01,98.0,68.0,1.61
504,kautokeino,69.01,23.04,33.85,98.0,92.0,6.2
505,iquitos,-3.75,-73.25,42.8,319.0,75.0,6.93
506,panaba,21.28,-88.27,91.72,62.0,36.0,7.43
507,celestun,20.87,-90.4,84.43,98.0,12.0,9.66
508,harindanga,22.04,88.32,82.4,94.0,40.0,3.36
509,katherine,-14.47,132.26,78.8,36.0,90.0,1.12
511,olinda,-2.03,-79.75,84.2,62.0,20.0,9.17
512,san rafael del sur,11.85,-86.44,87.8,66.0,40.0,9.17
513,brejinho,-6.2,-35.36,84.2,54.0,40.0,26.4
514,khani,41.96,42.96,62.6,82.0,75.0,2.24
515,nyaunglebin,17.95,96.73,73.54,99.0,92.0,4.07
516,luocheng,28.29,114.55,63.91,84.0,76.0,4.41
518,derbent,42.06,48.29,52.03,99.0,88.0,4.63
519,rio grande city,26.38,-98.82,93.27,49.0,75.0,8.05
520,borovskoy,53.8,64.15,57.16,49.0,0.0,11.68
521,thul,28.24,68.77,75.25,77.0,8.0,2.62
522,portsmouth,50.8,-1.08,58.57,62.0,0.0,3.36
524,berdigestyakh,62.1,126.7,34.84,86.0,0.0,3.4
525,havelock,34.88,-76.9,87.08,69.0,20.0,8.05
526,sasykoli,47.55,47.0,52.21,98.0,92.0,5.97
527,haverfordwest,51.8,-4.97,59.0,87.0,0.0,4.7
528,milkovo,41.53,24.68,54.7,46.0,0.0,5.82
529,muros,42.77,-9.06,73.4,53.0,0.0,3.36
530,batsfjord,70.63,29.72,38.43,100.0,0.0,3.36
531,badami,15.92,75.68,70.84,96.0,36.0,2.84
532,sabang,13.72,123.58,81.01,89.0,24.0,12.35
533,port keats,-14.25,129.55,73.99,78.0,44.0,3.74
534,bahia honda,22.9,-83.16,87.94,69.0,0.0,7.65
535,majene,-3.54,118.97,82.09,98.0,0.0,17.27
536,hofn,64.25,-15.21,42.8,56.0,0.0,12.75
537,smithfield,-30.21,26.53,55.9,24.0,0.0,6.98
539,alekseyevka,53.25,50.49,50.0,71.0,40.0,11.18
540,san pedro,-33.68,-59.66,70.21,74.0,76.0,15.7
541,grand-santi,4.27,-54.38,95.59,42.0,0.0,2.95
542,port macquarie,-31.43,152.91,48.2,100.0,92.0,4.7
544,songjianghe,42.18,127.48,31.87,77.0,0.0,2.17
545,barcelona,41.38,2.18,70.61,60.0,20.0,13.87
546,dire,9.18,38.92,59.59,48.0,20.0,5.3
548,krasnyy chikoy,50.36,108.75,36.37,99.0,92.0,4.63
549,suozhen,36.95,118.1,50.59,82.0,0.0,3.4
550,lavrentiya,65.58,-170.99,42.49,96.0,88.0,10.45
551,tastur,36.55,9.44,68.0,60.0,40.0,14.36
552,marshalltown,42.04,-92.91,62.51,49.0,1.0,10.29
553,marawi,8.0,124.29,68.59,99.0,76.0,2.95
554,lazurne,46.77,34.99,44.38,70.0,0.0,6.76
555,birchis,45.97,22.17,46.4,52.0,0.0,5.82
556,malkapur,20.89,76.2,74.44,87.0,0.0,2.73
557,lagos,6.46,3.39,78.8,94.0,40.0,5.82
558,sao miguel do araguaia,-13.28,-50.16,91.9,67.0,24.0,4.18
559,malanje,-9.54,16.35,71.65,85.0,8.0,2.95
560,lincoln,40.8,-96.67,66.34,27.0,1.0,4.7
562,talara,-4.58,-81.27,62.6,290.0,0.0,13.87
563,inhambane,-23.87,35.38,78.8,88.0,20.0,9.17
565,banepa,27.63,85.52,64.27,83.0,80.0,1.83
566,bambanglipuro,-7.95,110.28,68.32,100.0,64.0,3.29
567,posse,-14.08,-46.36,93.34,24.0,0.0,5.3
568,nenjiang,49.17,125.23,41.14,73.0,0.0,5.75
569,pizarro,4.95,-77.37,81.46,93.0,68.0,5.97
570,riyadh,24.63,46.72,95.0,11.0,0.0,10.29
571,sarangani,5.4,125.46,83.26,97.0,36.0,12.57
573,biltine,14.53,20.93,73.54,73.0,44.0,9.78
574,gouyave,12.16,-61.73,87.8,70.0,20.0,13.87
575,ganzhou,25.86,114.93,66.16,71.0,20.0,4.74
577,singaraja,-8.11,115.08,75.2,88.0,20.0,3.36
578,roald,62.58,6.12,48.78,71.0,40.0,23.04
579,sept-iles,50.2,-66.38,50.0,93.0,90.0,10.29
580,shache,38.42,77.24,58.24,34.0,88.0,4.63
582,inta,66.04,60.13,46.72,97.0,92.0,7.76
583,mazyr,52.05,29.27,48.7,46.0,80.0,16.49
584,zhangjiakou,40.77,114.88,41.5,91.0,68.0,2.95
585,eagle pass,28.71,-100.5,82.4,74.0,75.0,7.09
586,srednekolymsk,67.46,153.71,31.06,91.0,76.0,3.29
587,muisne,0.61,-80.02,86.32,68.0,12.0,7.31
588,high level,58.52,-117.13,42.8,81.0,75.0,10.29
589,logumkloster,55.06,8.96,59.36,93.0,90.0,20.8
590,patiya,22.3,91.98,83.26,98.0,20.0,6.31
591,wajima,37.4,136.9,64.09,100.0,92.0,9.22
592,touros,-5.2,-35.46,83.71,68.0,0.0,22.08
594,hami,42.84,93.51,43.84,63.0,0.0,2.28
595,ahar,38.48,47.07,51.76,93.0,36.0,3.18
596,zemio,5.02,25.13,75.7,86.0,12.0,2.39
597,boyuibe,-20.43,-63.28,89.6,43.0,75.0,4.18
598,ust-omchug,61.13,149.63,30.07,91.0,80.0,2.51
599,bloomfield,40.75,-92.42,64.27,45.0,1.0,10.29
600,bantou,26.22,117.49,62.02,75.0,0.0,2.28
601,state college,40.79,-77.86,74.34,83.0,75.0,11.41
602,lively,33.6,-99.18,59.86,93.0,88.0,15.82
604,padrauna,26.9,83.98,84.34,72.0,92.0,1.95
605,la ronge,55.1,-105.3,44.6,93.0,90.0,14.99
606,saint anthony,43.97,-111.68,56.3,7.0,1.0,10.29
607,dunedin,-45.87,170.5,39.52,86.0,32.0,12.91
609,idil,37.34,41.89,78.8,44.0,0.0,6.93
610,kharar,30.75,76.65,71.56,88.0,0.0,3.96
611,coronado,8.53,-79.9,80.6,78.0,40.0,9.17
612,bytosh,53.82,34.09,46.27,53.0,80.0,18.28
613,belaya gora,68.54,146.19,27.91,89.0,80.0,5.64
614,zhuanghe,39.7,122.97,59.86,100.0,0.0,3.74
615,samarai,-10.62,150.67,77.59,99.0,80.0,15.26
616,san antonio aguas calientes,14.55,-90.78,68.0,68.0,75.0,11.41
618,kota kinabalu,5.98,116.07,75.2,78.0,75.0,5.82
619,palmas,-10.18,-48.33,91.4,46.0,20.0,8.05
620,dossor,47.52,52.98,66.34,49.0,24.0,15.26
